{
  "model_version": "2.1",
  "gbt_accuracy": 0.998,
  "gbt_f1": 0.998,
  "gbt_auc": 1.0,
  "feature_names": [
    "heart_rate",
    "spo2",
    "temperature",
    "stress_index",
    "nutrition_score",
    "gestational_week",
    "hr_deviation",
    "spo2_deficit",
    "fever_magnitude",
    "stress_normalized",
    "hypoxia_stress",
    "fever_hr_interaction",
    "nutrition_risk_factor",
    "third_trimester"
  ],
  "scaler_mean": [
    86.842372,
    95.815511,
    37.277621,
    39.1286,
    61.916571,
    26.03525,
    0.681333,
    2.463414,
    0.209074,
    0.391286,
    1.556622,
    0.33088,
    0.380834,
    0.525
  ],
  "scaler_std": [
    17.806307,
    3.128672,
    0.711872,
    24.908696,
    26.266804,
    9.741971,
    0.667452,
    2.849638,
    0.405239,
    0.249087,
    2.230396,
    0.783945,
    0.262668,
    0.499375
  ],
  "lr_coefs": [
    [
      -0.623801,
      1.148698,
      -1.592214,
      -1.924916,
      1.808811,
      -0.129023,
      -0.604833,
      -1.233207,
      -0.644187,
      -1.924916,
      -1.192421,
      -0.28702,
      -1.808811,
      -0.426573
    ],
    [
      -0.172543,
      -0.763343,
      0.886154,
      -0.011993,
      0.134454,
      -0.155284,
      0.266337,
      0.78519,
      -0.221317,
      -0.011993,
      -0.541459,
      -0.533852,
      -0.134454,
      -0.386525
    ],
    [
      0.796345,
      -0.385355,
      0.70606,
      1.936909,
      -1.943265,
      0.284307,
      0.338496,
      0.448017,
      0.865503,
      1.936909,
      1.73388,
      0.820872,
      1.943265,
      0.813098
    ]
  ],
  "lr_intercept": [
    4.622867,
    5.211673,
    -9.83454
  ],
  "classes": [
    "LOW",
    "MEDIUM",
    "HIGH"
  ]
}