{
  "model_version": "3.0",
  "features": [
    "hr",
    "spo2",
    "temp",
    "stress",
    "weeks",
    "trimester",
    "iron_taken",
    "protein_taken",
    "hydration_taken",
    "folic_taken",
    "spo2_deficit",
    "hr_elevated",
    "temp_elevated",
    "stress_norm",
    "third_tri",
    "first_tri",
    "second_tri",
    "hypoxia_hr",
    "heat_dehydration",
    "late_pregnancy"
  ],
  "nutrients": {
    "iron": {
      "scaler_mean": [
        81.831353,
        96.405472,
        36.998674,
        42.248876,
        23.38875,
        2.209687,
        0.552344,
        0.605781,
        0.648594,
        0.710781,
        1.921916,
        0.208602,
        0.411253,
        0.422489,
        0.410469,
        0.200781,
        0.38875,
        0.392585,
        0.143958,
        0.382344
      ],
      "scaler_std": [
        13.989045,
        2.321261,
        0.511954,
        21.456533,
        10.450051,
        0.753181,
        0.497253,
        0.488682,
        0.47741,
        0.4534,
        1.92634,
        0.361442,
        0.589803,
        0.214565,
        0.491919,
        0.400585,
        0.487466,
        1.031172,
        0.399928,
        0.48596
      ],
      "lr_coefs": [
        [
          -0.121966,
          0.137607,
          -0.009731,
          0.00751,
          0.013314,
          -0.002945,
          5.35951,
          0.004412,
          -0.002654,
          -0.007303,
          0.012935,
          0.084171,
          0.026412,
          0.00751,
          -0.023124,
          -0.022859,
          0.04212,
          0.600691,
          -0.026368,
          -0.004503
        ],
        [
          0.197157,
          0.249146,
          0.04951,
          -0.34796,
          0.099594,
          -0.099249,
          -3.329843,
          -0.082899,
          -0.003685,
          -0.075009,
          -1.094233,
          -1.557292,
          -0.037364,
          -0.34796,
          -0.484872,
          -0.408815,
          0.825253,
          -0.802016,
          -0.038821,
          -0.028091
        ],
        [
          -0.075192,
          -0.386752,
          -0.039779,
          0.340449,
          -0.112908,
          0.102194,
          -2.029667,
          0.078487,
          0.006339,
          0.082312,
          1.081298,
          1.473122,
          0.010952,
          0.340449,
          0.507996,
          0.431675,
          -0.867373,
          0.201325,
          0.065188,
          0.032595
        ]
      ],
      "lr_intercept": [
        2.332086,
        -0.439059,
        -1.893027
      ],
      "n_classes": 3
    },
    "protein": {
      "scaler_mean": [
        81.833533,
        96.413668,
        37.001402,
        42.073221,
        23.361719,
        2.207813,
        0.554531,
        0.607969,
        0.642344,
        0.716875,
        1.918064,
        0.208573,
        0.411618,
        0.420732,
        0.41,
        0.202187,
        0.387813,
        0.393647,
        0.145728,
        0.382812
      ],
      "scaler_std": [
        13.956686,
        2.331216,
        0.509928,
        21.653599,
        10.428714,
        0.754322,
        0.497017,
        0.488204,
        0.47931,
        0.450517,
        1.933096,
        0.359085,
        0.58761,
        0.216536,
        0.491833,
        0.401631,
        0.487251,
        1.030163,
        0.40016,
        0.486073
      ],
      "lr_coefs": [
        [
          -0.157985,
          -0.019991,
          0.049726,
          -0.154903,
          -0.105735,
          -0.171796,
          -0.063101,
          5.386914,
          0.017714,
          0.042843,
          -0.001303,
          0.168323,
          0.009936,
          -0.154903,
          0.125504,
          0.476349,
          -0.51933,
          -0.091865,
          -0.028779,
          -0.145507
        ],
        [
          0.105797,
          0.0415,
          0.001234,
          -0.609005,
          0.023636,
          -0.032101,
          0.029361,
          -3.164758,
          0.00151,
          -0.063715,
          0.015106,
          -1.475901,
          -0.064845,
          -0.609005,
          0.793083,
          1.03149,
          -1.650776,
          0.162116,
          0.022302,
          -0.758689
        ],
        [
          0.052189,
          -0.021508,
          -0.050961,
          0.763908,
          0.082099,
          0.203897,
          0.033741,
          -2.222156,
          -0.019224,
          0.020872,
          -0.013803,
          1.307578,
          0.054909,
          0.763908,
          -0.918587,
          -1.507839,
          2.170106,
          -0.070251,
          0.006477,
          0.904196
        ]
      ],
      "lr_intercept": [
        3.923759,
        1.099567,
        -5.023327
      ],
      "n_classes": 3
    },
    "hydration": {
      "scaler_mean": [
        81.928922,
        96.396335,
        36.998312,
        42.037832,
        23.38,
        2.210781,
        0.555,
        0.605,
        0.644531,
        0.711562,
        1.936609,
        0.209028,
        0.407275,
        0.420378,
        0.411875,
        0.201094,
        0.387031,
        0.389114,
        0.147234,
        0.384219
      ],
      "scaler_std": [
        13.919534,
        2.340898,
        0.508975,
        21.736814,
        10.4568,
        0.754016,
        0.496966,
        0.488851,
        0.478655,
        0.453036,
        1.940258,
        0.360843,
        0.591004,
        0.217368,
        0.492173,
        0.400818,
        0.487071,
        1.028124,
        0.408181,
        0.48641
      ],
      "lr_coefs": [
        [
          -0.183247,
          -0.034109,
          -0.134637,
          -0.002107,
          -0.022035,
          -0.023595,
          0.013239,
          -0.023228,
          4.833829,
          -0.004515,
          -0.000909,
          0.393737,
          0.574479,
          -0.002107,
          -0.032545,
          0.004424,
          0.029245,
          -0.064411,
          -0.916359,
          -0.072035
        ],
        [
          -0.19683,
          0.024559,
          -1.339159,
          0.026593,
          -0.014418,
          -0.421725,
          0.045584,
          -0.053457,
          -3.20353,
          -0.020915,
          -0.01712,
          -1.599319,
          -0.080269,
          0.026593,
          -0.549704,
          0.118352,
          0.458068,
          0.072995,
          0.135093,
          0.11577
        ],
        [
          0.380077,
          0.00955,
          1.473795,
          -0.024486,
          0.036453,
          0.44532,
          -0.058822,
          0.076685,
          -1.6303,
          0.025431,
          0.018029,
          1.205581,
          -0.494209,
          -0.024486,
          0.582249,
          -0.122777,
          -0.487313,
          -0.008584,
          0.781266,
          -0.043734
        ]
      ],
      "lr_intercept": [
        3.391447,
        -0.923839,
        -2.467608
      ],
      "n_classes": 3
    },
    "folic": {
      "scaler_mean": [
        81.953948,
        96.412301,
        36.999005,
        42.018465,
        23.437031,
        2.211719,
        0.551562,
        0.607031,
        0.64375,
        0.711719,
        1.919468,
        0.210271,
        0.410124,
        0.420185,
        0.414531,
        0.202813,
        0.382656,
        0.401663,
        0.145566,
        0.387656
      ],
      "scaler_std": [
        13.946139,
        2.327754,
        0.510345,
        21.528605,
        10.479136,
        0.75665,
        0.497334,
        0.48841,
        0.47889,
        0.452963,
        1.92831,
        0.361433,
        0.588954,
        0.215286,
        0.492641,
        0.402094,
        0.486035,
        1.043985,
        0.402626,
        0.487215
      ],